timeline,survival_prob,contract_type
0.0,1.0,Month-to-month
1.0,0.9019354838709666,Month-to-month
2.0,0.8685713158647337,Month-to-month
3.0,0.8417230081727618,Month-to-month
4.0,0.8175050128498966,Month-to-month
5.0,0.7983233309841447,Month-to-month
6.0,0.7858348940504861,Month-to-month
7.0,0.7698756151298826,Month-to-month
8.0,0.7564380245720602,Month-to-month
9.0,0.7412958043292921,Month-to-month
10.0,0.7257296301833199,Month-to-month
11.0,0.7150936316950445,Month-to-month
12.0,0.7030966363488644,Month-to-month
13.0,0.6892664526460961,Month-to-month
14.0,0.6804493623174757,Month-to-month
15.0,0.6659966491109621,Month-to-month
16.0,0.6547832358968269,Month-to-month
17.0,0.6449430369854153,Month-to-month
18.0,0.6357295650284809,Month-to-month
19.0,0.6287769518771098,Month-to-month
20.0,0.6207557008963952,Month-to-month
21.0,0.6138939945489775,Month-to-month
22.0,0.6031403297548981,Month-to-month
23.0,0.5973455467628572,Month-to-month
24.0,0.5859154739046663,Month-to-month
25.0,0.5766965241404322,Month-to-month
26.0,0.5687965717549469,Month-to-month
27.0,0.5617273983010134,Month-to-month
28.0,0.5561380709547346,Month-to-month
29.0,0.5475468546166075,Month-to-month
30.0,0.5386484766975947,Month-to-month
31.0,0.5300790691137696,Month-to-month
32.0,0.5187202319184743,Month-to-month
33.0,0.5134938315968774,Month-to-month
34.0,0.5060909061085871,Month-to-month
35.0,0.4976910570445439,Month-to-month
36.0,0.49110396952483704,Month-to-month
37.0,0.4806549488966491,Month-to-month
38.0,0.47371129794950645,Month-to-month
39.0,0.46655793942342333,Month-to-month
40.0,0.45763248319097527,Month-to-month
41.0,0.4491734724111053,Month-to-month
42.0,0.4386459691514699,Month-to-month
43.0,0.42861456445154034,Month-to-month
44.0,0.42482151520860606,Month-to-month
45.0,0.421871365797435,Month-to-month
46.0,0.41466868394235656,Month-to-month
47.0,0.4006304212047246,Month-to-month
48.0,0.397263779009727,Month-to-month
49.0,0.3856478790386823,Month-to-month
50.0,0.3757910642389718,Month-to-month
51.0,0.36812185884633986,Month-to-month
52.0,0.36145298459187736,Month-to-month
53.0,0.35284696114921343,Month-to-month
54.0,0.3453713899384248,Month-to-month
55.0,0.33590916007709815,Month-to-month
56.0,0.3307413268451428,Month-to-month
57.0,0.32134526642340605,Month-to-month
58.0,0.31310564420742126,Month-to-month
59.0,0.3043474443694515,Month-to-month
60.0,0.29715813465993696,Month-to-month
61.0,0.2889037420304941,Month-to-month
62.0,0.28583029796634,Month-to-month
63.0,0.27910487919066146,Month-to-month
64.0,0.27910487919066146,Month-to-month
65.0,0.2610981127912639,Month-to-month
66.0,0.23271788314003955,Month-to-month
67.0,0.22606880076460992,Month-to-month
68.0,0.20095004512409773,Month-to-month
69.0,0.16548827245513925,Month-to-month
70.0,0.1504438840501266,Month-to-month
71.0,0.1289519006143942,Month-to-month
72.0,0.1289519006143942,Month-to-month
0.0,1.0,One year
1.0,1.0,One year
2.0,0.9986348122866899,One year
3.0,0.9986348122866899,One year
4.0,0.997947047264454,One year
5.0,0.9972564264704988,One year
6.0,0.9972564264704988,One year
7.0,0.9965609896319563,One year
8.0,0.9958591861181306,One year
9.0,0.9951534035624126,One year
10.0,0.9951534035624126,One year
11.0,0.9944348812493706,One year
12.0,0.9908082040748656,One year
13.0,0.9900737280155071,One year
14.0,0.989331543811598,One year
15.0,0.989331543811598,One year
16.0,0.989331543811598,One year
17.0,0.9878083235747827,One year
18.0,0.9862563859100931,One year
19.0,0.9839062912653509,One year
20.0,0.9839062912653509,One year
21.0,0.9823103362105818,One year
22.0,0.9790896465836618,One year
23.0,0.9782723764279155,One year
24.0,0.9782723764279155,One year
25.0,0.9748755973430957,One year
26.0,0.9748755973430957,One year
27.0,0.9748755973430957,One year
28.0,0.9730785916337071,One year
29.0,0.9730785916337071,One year
30.0,0.9721465240172004,One year
31.0,0.9702496527508245,One year
32.0,0.9692880574557302,One year
33.0,0.9643926632261558,One year
34.0,0.9633953595413302,One year
35.0,0.9603498526091653,One year
36.0,0.9593071274706106,One year
37.0,0.9582435940698666,One year
38.0,0.9539027397365943,One year
39.0,0.9494762769071906,One year
40.0,0.9472156191050304,One year
41.0,0.9425894133951156,One year
42.0,0.9402061278998047,One year
43.0,0.9365429871417538,One year
44.0,0.9340355092645337,One year
45.0,0.9301651963808414,One year
46.0,0.9248801668559502,One year
47.0,0.923522046199774,One year
48.0,0.9165468041589897,One year
49.0,0.9107641744797536,One year
50.0,0.9092759977240679,One year
51.0,0.9061459598661544,One year
52.0,0.9028267438959483,One year
53.0,0.8906498899320339,One year
54.0,0.8777419205127298,One year
55.0,0.8739256512931093,One year
56.0,0.8619540670288203,One year
57.0,0.8598099026829775,One year
58.0,0.8464102678359697,One year
59.0,0.8392975765096171,One year
60.0,0.8318260847306003,One year
61.0,0.8265109020805645,One year
62.0,0.8148287691889662,One year
63.0,0.8084876892730982,One year
64.0,0.8016360986860379,One year
65.0,0.7900181842123272,One year
66.0,0.7691182322490382,One year
67.0,0.7391525868367375,One year
68.0,0.7145141672755129,One year
69.0,0.6919505619931284,One year
70.0,0.6438984396324943,One year
71.0,0.6438984396324943,One year
72.0,0.5681456820286713,One year
0.0,1.0,Two year
1.0,1.0,Two year
2.0,1.0,Two year
3.0,1.0,Two year
4.0,1.0,Two year
5.0,1.0,Two year
6.0,1.0,Two year
7.0,1.0,Two year
8.0,1.0,Two year
9.0,1.0,Two year
10.0,1.0,Two year
11.0,1.0,Two year
12.0,1.0,Two year
13.0,1.0,Two year
14.0,1.0,Two year
15.0,1.0,Two year
16.0,1.0,Two year
17.0,1.0,Two year
18.0,1.0,Two year
19.0,1.0,Two year
20.0,1.0,Two year
21.0,1.0,Two year
22.0,1.0,Two year
23.0,1.0,Two year
24.0,1.0,Two year
25.0,0.9993493819128172,Two year
26.0,0.9993493819128172,Two year
27.0,0.9993493819128172,Two year
28.0,0.9993493819128172,Two year
29.0,0.9993493819128172,Two year
30.0,0.9993493819128172,Two year
31.0,0.9993493819128172,Two year
32.0,0.9993493819128172,Two year
33.0,0.9986759658872691,Two year
34.0,0.9986759658872691,Two year
35.0,0.9986759658872691,Two year
36.0,0.9986759658872691,Two year
37.0,0.9986759658872691,Two year
38.0,0.9986759658872691,Two year
39.0,0.9979721773277996,Two year
40.0,0.9979721773277996,Two year
41.0,0.9979721773277996,Two year
42.0,0.9979721773277996,Two year
43.0,0.9972442618082321,Two year
44.0,0.9972442618082321,Two year
45.0,0.9972442618082321,Two year
46.0,0.9964950174342213,Two year
47.0,0.9964950174342213,Two year
48.0,0.995718930972045,Two year
49.0,0.9949305549380209,Two year
50.0,0.9941333349420767,Two year
51.0,0.9941333349420767,Two year
52.0,0.9933151182054991,Two year
53.0,0.9924775843790181,Two year
54.0,0.9916278604197892,Two year
55.0,0.9907580114194203,Two year
56.0,0.9898749828887438,Two year
57.0,0.9880702882982452,Two year
58.0,0.9871459942960957,Two year
59.0,0.9861995455959076,Two year
60.0,0.9861995455959076,Two year
61.0,0.983198938459206,Two year
62.0,0.983198938459206,Two year
63.0,0.983198938459206,Two year
64.0,0.9809643954172538,Two year
65.0,0.9786287659043554,Two year
66.0,0.9749497103934366,Two year
67.0,0.9710757380342574,Two year
68.0,0.9682972666807979,Two year
69.0,0.9652427011707642,Two year
70.0,0.9567458464069369,Two year
71.0,0.9467797438401981,Two year
72.0,0.9357385806467265,Two year
