feature,log_odds,odds_ratio,or_ci_lo,or_ci_hi,p_value,significant,plain_english
tenure_months,-0.0226,0.9776,0.9725,0.9827,0.0,True,"A one-unit increase in tenure months is associated with an odds ratio of 0.98 (95% CI: 0.97–0.98), significant at p = 0.000. Correlation only — no causal claim is made."
monthly_charge,-0.019,0.9811,0.9639,0.9987,0.035615,True,"A one-unit increase in monthly charge is associated with an odds ratio of 0.98 (95% CI: 0.96–1.00), significant at p = 0.036. Correlation only — no causal claim is made."
services_count,0.3089,1.362,1.1566,1.6038,0.000212,True,"A one-unit increase in services count is associated with an odds ratio of 1.36 (95% CI: 1.16–1.60), significant at p = 0.000. Correlation only — no causal claim is made."
is_senior,0.1526,1.1649,0.9881,1.3732,0.069104,False,"A one-unit increase in is senior is associated with an odds ratio of 1.16 (95% CI: 0.99–1.37), not significant at p = 0.069. Correlation only — no causal claim is made."
has_partner,0.31,1.3634,1.1753,1.5817,4.3e-05,True,"A one-unit increase in has partner is associated with an odds ratio of 1.36 (95% CI: 1.18–1.58), significant at p = 0.000. Correlation only — no causal claim is made."
has_dependents,-1.5345,0.2156,0.1709,0.2719,0.0,True,"A one-unit increase in has dependents is associated with an odds ratio of 0.22 (95% CI: 0.17–0.27), significant at p = 0.000. Correlation only — no causal claim is made."
is_autopay,-0.2574,0.773,0.669,0.8933,0.000483,True,"A one-unit increase in is autopay is associated with an odds ratio of 0.77 (95% CI: 0.67–0.89), significant at p = 0.000. Correlation only — no causal claim is made."
is_new_subscriber,0.781,2.1837,1.8057,2.6408,0.0,True,"A one-unit increase in is new subscriber is associated with an odds ratio of 2.18 (95% CI: 1.81–2.64), significant at p = 0.000. Correlation only — no causal claim is made."
fibre_without_support,0.4462,1.5624,1.2749,1.9147,1.7e-05,True,"A one-unit increase in fibre without support is associated with an odds ratio of 1.56 (95% CI: 1.27–1.91), significant at p = 0.000. Correlation only — no causal claim is made."
has_protection_bundle,-0.4784,0.6198,0.4947,0.7764,3.2e-05,True,"A one-unit increase in has protection bundle is associated with an odds ratio of 0.62 (95% CI: 0.49–0.78), significant at p = 0.000. Correlation only — no causal claim is made."
contract_one_year,-0.7451,0.4747,0.384,0.5868,0.0,True,"A one-unit increase in contract one year is associated with an odds ratio of 0.47 (95% CI: 0.38–0.59), significant at p = 0.000. Correlation only — no causal claim is made."
contract_two_year,-1.6803,0.1863,0.1313,0.2645,0.0,True,"A one-unit increase in contract two year is associated with an odds ratio of 0.19 (95% CI: 0.13–0.26), significant at p = 0.000. Correlation only — no causal claim is made."
internet_fibre,2.3694,10.6905,4.3586,26.2207,0.0,True,"A one-unit increase in internet fibre is associated with an odds ratio of 10.69 (95% CI: 4.36–26.22), significant at p = 0.000. Correlation only — no causal claim is made."
internet_dsl,1.2453,3.4739,2.2452,5.3751,0.0,True,"A one-unit increase in internet dsl is associated with an odds ratio of 3.47 (95% CI: 2.25–5.38), significant at p = 0.000. Correlation only — no causal claim is made."
paperless_billing,0.4025,1.4956,1.2898,1.7342,0.0,True,"A one-unit increase in paperless billing is associated with an odds ratio of 1.50 (95% CI: 1.29–1.73), significant at p = 0.000. Correlation only — no causal claim is made."
